video_id,title,publish_date,day_1_views,day_1_hours,day_3_views,day_7_views,avg_pct_viewed,subs_gained,engagement_rate,pillar,sequel_priority,notes
MF-011,,,,,,,,,,,
MF-012,,,,,,,,,,,
MF-013,,,,,,,,,,,
MF-014,,,,,,,,,,,
MF-015,,,,,,,,,,,
MF-016,,,,,,,,,,,
MF-017,,,,,,,,,,,
MF-018,,,,,,,,,,,
MF-019,,,,,,,,,,,
MF-020,,,,,,,,,,,
MF-021,,,,,,,,,,,
MF-022,,,,,,,,,,,
MF-023,,,,,,,,,,,
MF-024,,,,,,,,,,,
MF-025,,,,,,,,,,,
MF-026,,,,,,,,,,,
MF-027,,,,,,,,,,,
MF-028,,,,,,,,,,,
MF-029,,,,,,,,,,,
MF-030,,,,,,,,,,,